{
  "status": "ok",
  "message-type": "work-list",
  "message-version": "1.0.0",
  "message": {
    "facets": {},
    "next-cursor": "AoJxo5fy++gCPwBodHRwOi8vZHguZG9pLm9yZy8xMC4xMTQyLzEwNDEz",
    "total-results": 64661,
    "items": [
      {
        "publisher": "Ankara: Pegem Akademi Yay\u0131nc\u0131l\u0131k",
        "ISBN": [
          "9786053184478"
        ],
        "published-print": {
          "date-parts": [
            [
              2018
            ]
          ]
        },
        "title": [
          "Alternatif yakla\u015f\u0131mlarla sosyal bilgiler e\u011fitimi"
        ]
      },
      {
        "publisher": "Brill",
        "ISBN": [
          "9789004320116"
        ],
        "published-print": {
          "date-parts": [
            [
              2018,
              7,
              12
            ]
          ]
        },
        "title": [
          "De insomniis et de divinatione per somnum (2 Vols.)"
        ],
        "author": [
          {
            "given": "H. J. Drossaart",
            "family": "Lulofs",
            "sequence": "first",
            "affiliation": []
          }
        ]
      },
      {
        "publisher": "Elsevier",
        "ISBN": [
          "9783437554247"
        ],
        "published-print": {
          "date-parts": [
            [
              2018
            ]
          ]
        },
        "title": [
          "Leitfaden Ohrakupunktur"
        ]
      },
      {
        "publisher": "WORLD SCIENTIFIC",
        "ISBN": [
          "9789813148383",
          "9789813148390"
        ],
        "published-print": {
          "date-parts": [
            [
              2018,
              1
            ]
          ]
        },
        "title": [
          "Handbook of the Sociology of Youth in BRICS Countries"
        ],
        "author": [
          {
            "given": "Tom",
            "family": "Dwyer",
            "sequence": "first",
            "affiliation": [
              {
                "name": "University of CampinasBrazil"
              }
            ]
          },
          {
            "given": "Mikhail K",
            "family": "Gorshkov",
            "sequence": "additional",
            "affiliation": [
              {
                "name": "Russian Academy of SciencesRussia"
              }
            ]
          },
          {
            "given": "Ishwar",
            "family": "Modi",
            "sequence": "additional",
            "affiliation": [
              {
                "name": "University of RajasthanIndia"
              }
            ]
          },
          {
            "given": "Chunling",
            "family": "Li",
            "sequence": "additional",
            "affiliation": [
              {
                "name": "Chinese Academy of Social SciencesChina"
              }
            ]
          },
          {
            "given": "Mokong Simon",
            "family": "Mapadimeng",
            "sequence": "additional",
            "affiliation": [
              {
                "name": "University of LimpopoSouth Africa"
              }
            ]
          }
        ]
      },
      {
        "publisher": "Oxford University Press",
        "published-print": {
          "date-parts": [
            [
              2018,
              6,
              25
            ]
          ]
        },
        "title": [
          "Gender-Sensitive Parliaments"
        ],
        "author": [
          {
            "given": "Sonia",
            "family": "Palmieri",
            "sequence": "first",
            "affiliation": []
          }
        ]
      },
      {
        "publisher": "John Wiley & Sons Singapore Pte. Ltd",
        "ISBN": [
          "9781118188248",
          "9781118188231"
        ],
        "published-print": {
          "date-parts": [
            [
              2018,
              2,
              19
            ]
          ]
        },
        "title": [
          "Propagation Channel Characterization, Parameter Estimation, and Modeling for Wireless Communications"
        ],
        "author": [
          {
            "given": "Xuefeng",
            "family": "Yin",
            "sequence": "first",
            "affiliation": [
              {
                "name": "Tongji University; Shanghai China"
              }
            ]
          },
          {
            "given": "Xiang",
            "family": "Cheng",
            "sequence": "additional",
            "affiliation": [
              {
                "name": "Peking University; Beijing China"
              }
            ]
          }
        ]
      },
      {
        "publisher": "Oxford University Press",
        "published-print": {
          "date-parts": [
            [
              2018,
              1,
              24
            ]
          ]
        },
        "title": [
          "Adaptation to Current and Future Climate in Pastoral Communities Across Africa"
        ],
        "author": [
          {
            "given": "Edna",
            "family": "Wangui",
            "sequence": "first",
            "affiliation": []
          }
        ]
      },
      {
        "publisher": "WORLD SCIENTIFIC",
        "ISBN": [
          "9789813206908",
          "9789813206922"
        ],
        "published-print": {
          "date-parts": [
            [
              2018,
              2
            ]
          ]
        },
        "title": [
          "Mental Health of a Nation"
        ],
        "author": [
          {
            "given": "Beng Yeong",
            "family": "Ng",
            "sequence": "first",
            "affiliation": [
              {
                "name": "Mount Elizabeth Medical CentreSingapore"
              }
            ]
          },
          {
            "given": "Daniel",
            "family": "Fung",
            "sequence": "additional",
            "affiliation": [
              {
                "name": "Institute of Mental HealthSingapore"
              }
            ]
          }
        ]
      },
      {
        "publisher": "Transportation Research Board",
        "ISBN": [
          "9780309434409"
        ],
        "published-print": {
          "date-parts": [
            [
              2013,
              5,
              7
            ]
          ]
        },
        "title": [
          "Letter Report on Review of the U.S. DOT Strategic Plan for Research, Development, and Technology 2013-2018"
        ],
        "author": [
          {
            "name": "Committee for Review of the U.S. Department of Transportation (DOT) Strategic Plan for Research, Development, and Technology",
            "sequence": "first",
            "affiliation": []
          },
          {
            "name": "Studies and Special Programs Division",
            "sequence": "additional",
            "affiliation": []
          },
          {
            "name": "Transportation Research Board",
            "sequence": "additional",
            "affiliation": []
          },
          {
            "name": "National Academies of Sciences, Engineering, and Medicine",
            "sequence": "additional",
            "affiliation": []
          }
        ]
      },
      {
        "publisher": "WORLD SCIENTIFIC",
        "ISBN": [
          "9789813203815",
          "9789813203839"
        ],
        "published-print": {
          "date-parts": [
            [
              2018,
              6
            ]
          ]
        },
        "title": [
          "Evidence-based Clinical Chinese Medicine"
        ],
        "subtitle": [
          "Volume 4: Adult Asthma"
        ],
        "author": [
          {
            "given": "Charlie Changli",
            "family": "Xue",
            "sequence": "first",
            "affiliation": [
              {
                "name": "RMIT UniversityAustralia"
              }
            ]
          },
          {
            "given": "Chuanjian",
            "family": "Lu",
            "sequence": "additional",
            "affiliation": [
              {
                "name": "Guangdong Provincial Hospital of Chinese MedicineChina"
              }
            ]
          },
          {
            "given": "Johannah",
            "family": "Shergis",
            "sequence": "additional",
            "affiliation": [
              {
                "name": "RMIT UniversityAustralia"
              }
            ]
          },
          {
            "given": "Lei",
            "family": "Wu",
            "sequence": "additional",
            "affiliation": [
              {
                "name": "Guangdong Provincial Hospital of Chinese MedicineChina"
              }
            ]
          }
        ]
      },
      {
        "publisher": "WORLD SCIENTIFIC",
        "ISBN": [
          "9789813204010",
          "9789813204027"
        ],
        "published-print": {
          "date-parts": [
            [
              2018,
              2
            ]
          ]
        },
        "title": [
          "Handbook of Coastal and Ocean Engineering"
        ],
        "subtitle": [
          "In 2 Volumes"
        ],
        "author": [
          {
            "given": "Young C",
            "family": "Kim",
            "sequence": "first",
            "affiliation": [
              {
                "name": "California State UniversityLos AngelesUSA"
              }
            ]
          }
        ]
      },
      {
        "publisher": "WORLD SCIENTIFIC",
        "ISBN": [
          "9789813203976",
          "9789813203983"
        ],
        "published-print": {
          "date-parts": [
            [
              2018,
              11
            ]
          ]
        },
        "title": [
          "The Economics of the Middle East and North Africa (MENA)"
        ],
        "author": [
          {
            "given": "Joseph",
            "family": "Pelzman",
            "sequence": "first",
            "affiliation": [
              {
                "name": "George Washington UniversityUSA"
              }
            ]
          }
        ]
      },
      {
        "publisher": "WORLD SCIENTIFIC",
        "ISBN": [
          "9789813204041",
          "9789813204058"
        ],
        "published-print": {
          "date-parts": [
            [
              2018,
              2
            ]
          ]
        },
        "title": [
          "Infinite Group Theory"
        ],
        "subtitle": [
          "From the Past to the Future"
        ],
        "author": [
          {
            "given": "Paul",
            "family": "Baginski",
            "sequence": "first",
            "affiliation": [
              {
                "name": "Fairfield UniversityUSA"
              }
            ]
          },
          {
            "given": "Benjamin",
            "family": "Fine",
            "sequence": "additional",
            "affiliation": [
              {
                "name": "Fairfield UniversityUSA"
              }
            ]
          },
          {
            "given": "Anthony M",
            "family": "Gaglione",
            "sequence": "additional",
            "affiliation": [
              {
                "name": "United States Naval AcademyUSA"
              }
            ]
          }
        ]
      },
      {
        "publisher": "World Scientific",
        "ISBN": [
          "9789813209121",
          "9789813209138"
        ],
        "published-print": {
          "date-parts": [
            [
              2018,
              6
            ]
          ]
        },
        "title": [
          "Digital Enablement"
        ],
        "subtitle": [
          "The Consumerizational and Transformational Effects of Digital Technology"
        ],
        "author": [
          {
            "given": "Shan Ling",
            "family": "Pan",
            "sequence": "first",
            "affiliation": [
              {
                "name": "University of New South WalesAustralia"
              }
            ]
          },
          {
            "given": "M S",
            "family": "Sandeep",
            "sequence": "additional",
            "affiliation": [
              {
                "name": "University of New South WalesAustralia"
              }
            ]
          }
        ]
      },
      {
        "publisher": "KTU leidykla \"Technologija\"",
        "published-print": {
          "date-parts": [
            [
              2018,
              2,
              1
            ]
          ]
        },
        "title": [
          "Jaun\u0173j\u0173 mokslinink\u0173 konferencijos \u201ePramon\u0117s in\u017einerija 2017\u201c prane\u0161im\u0173 med\u017eiaga"
        ]
      },
      {
        "publisher": "Routledge",
        "ISBN": [
          "9781315720319"
        ],
        "title": [
          "An Introduction to English Grammar"
        ],
        "author": [
          {
            "given": "Gerald",
            "family": "Nelson",
            "sequence": "first",
            "affiliation": []
          }
        ]
      },
      {
        "publisher": "Springer International Publishing",
        "ISBN": [
          "9783319388939",
          "9783319388939"
        ],
        "published-print": {
          "date-parts": [
            [
              2018
            ]
          ]
        },
        "title": [
          "Handbook of Research and Practice in Heritage Language Education"
        ]
      },
      {
        "publisher": "WORLD SCIENTIFIC",
        "ISBN": [
          "9789813208674",
          "9789813208681"
        ],
        "published-print": {
          "date-parts": [
            [
              2018,
              11
            ]
          ]
        },
        "title": [
          "Logic in Wonderland"
        ],
        "subtitle": [
          "An Introduction to Logic through Reading Alice's Adventures in Wonderland \u2014 Student's Workbook"
        ],
        "author": [
          {
            "given": "Nitsa",
            "family": "Movshovitz-Hadar",
            "sequence": "first",
            "affiliation": [
              {
                "name": "Technion - Israel Institute of TechnologyIsrael"
              }
            ]
          },
          {
            "given": "Atara",
            "family": "Shriki",
            "sequence": "additional",
            "affiliation": [
              {
                "name": "Oranim Academic College of EducationIsrael"
              }
            ]
          }
        ]
      },
      {
        "publisher": "WORLD SCIENTIFIC",
        "ISBN": [
          "9789813208629",
          "9789813208636"
        ],
        "published-print": {
          "date-parts": [
            [
              2018,
              11
            ]
          ]
        },
        "title": [
          "Logic in Wonderland"
        ],
        "subtitle": [
          "An Introduction to Logic through Reading Alice's Adventures in Wonderland \u2014 Teacher's Guidebook"
        ],
        "author": [
          {
            "given": "Nitsa",
            "family": "Movshovitz-Hadar",
            "sequence": "first",
            "affiliation": [
              {
                "name": "Technion - Israel Institute of TechnologyIsrael"
              }
            ]
          },
          {
            "given": "Atara",
            "family": "Shriki",
            "sequence": "additional",
            "affiliation": [
              {
                "name": "Oranim Academic College of EducationIsrael"
              }
            ]
          }
        ]
      },
      {
        "publisher": "World Scientific",
        "ISBN": [
          "9789813208704",
          "9789813208711"
        ],
        "published-print": {
          "date-parts": [
            [
              2018,
              4
            ]
          ]
        },
        "title": [
          "International and Interregional Migration"
        ],
        "subtitle": [
          "Theory and Evidence"
        ],
        "author": [
          {
            "given": "Francisco L",
            "family": "Rivera-Batiz",
            "sequence": "first",
            "affiliation": [
              {
                "name": "Columbia UniversityUSA"
              }
            ]
          }
        ]
      }
    ],
    "items-per-page": 20,
    "query": {
      "start-index": 0,
      "search-terms": null
    }
  }
}
